Source,Target,Weight
askreddit,funny,47447
askreddit,pics,47266
askreddit,todayilearned,40789
funny,pics,37302
askreddit,videos,35018
adviceanimals,askreddit,27929
pics,todayilearned,27336
askreddit,gifs,27333
askreddit,worldnews,26841
askreddit,news,26347
funny,todayilearned,25750
askreddit,politics,25552
askreddit,gaming,25179
pics,videos,24541
askreddit,movies,23947
gifs,pics,23418
funny,gifs,23080
askreddit,wtf,22414
funny,videos,22285
askreddit,showerthoughts,20552
adviceanimals,funny,20101
todayilearned,videos,19852
todayilearned,worldnews,19472
news,worldnews,19358
adviceanimals,pics,18758
news,todayilearned,18738
funny,gaming,18147
news,pics,17337
pics,worldnews,17254
pics,wtf,17076
funny,wtf,16756
gifs,todayilearned,16740
politics,sandersforpresident,16475
gifs,videos,16459
gaming,pics,16398
funny,news,15349
funny,worldnews,14930
news,politics,14835
adviceanimals,todayilearned,14805
videos,worldnews,14309
pics,politics,14282
politics,worldnews,14197
politics,todayilearned,13940
movies,pics,13594
news,videos,13571
gaming,todayilearned,13560
todayilearned,wtf,13068
movies,todayilearned,13050
movies,videos,12974
funny,movies,12861
gaming,videos,12758
funny,politics,12720
gaming,gifs,11985
funny,showerthoughts,11874
videos,wtf,11872
askreddit,pcmasterrace,11852
pics,showerthoughts,11470
adviceanimals,videos,11232
gifs,news,11120
askreddit,sandersforpresident,11116
showerthoughts,todayilearned,10982
askreddit,aww,10880
gifs,wtf,10821
politics,videos,10758
adviceanimals,wtf,10721
askreddit,the_donald,10634
politics,the_donald,10571
adviceanimals,gifs,10371
adviceanimals,politics,10328
gifs,worldnews,10306
askreddit,explainlikeimfive,10056
askreddit,mildlyinteresting,9971
askreddit,leagueoflegends,9805
gaming,movies,9588
askreddit,nfl,9505
aww,pics,9428
aww,funny,9242
movies,news,9167
adviceanimals,news,9003
gaming,worldnews,8980
movies,worldnews,8951
gifs,movies,8832
adviceanimals,gaming,8587
mildlyinteresting,pics,8479
askreddit,technology,8403
gaming,news,8376
gifs,showerthoughts,8353
adviceanimals,worldnews,8350
askreddit,relationships,8308
worldnews,wtf,8263
funny,mildlyinteresting,8223
gaming,wtf,8036
movies,politics,8024
news,wtf,7729
askreddit,nba,7366
aww,gifs,7150
showerthoughts,videos,7114
politics,wtf,7094
explainlikeimfive,todayilearned,6922
mildlyinteresting,todayilearned,6903
adviceanimals,movies,6815
gifs,mildlyinteresting,6805
technology,todayilearned,6789
news,showerthoughts,6723
gifs,politics,6715
gaming,showerthoughts,6622
askreddit,blackpeopletwitter,6590
aww,todayilearned,6587
technology,worldnews,6499
askreddit,soccer,6455
showerthoughts,worldnews,6339
gaming,pcmasterrace,6293
pics,the_donald,6293
nba,nfl,6262
pics,sandersforpresident,6259
askmen,askreddit,6220
gaming,politics,6151
askreddit,television,6146
askreddit,tifu,6123
movies,television,6119
pics,technology,6103
movies,wtf,5977
news,technology,5813
aww,videos,5750
askreddit,trees,5736
sandersforpresident,todayilearned,5635
funny,the_donald,5618
explainlikeimfive,pics,5613
funny,technology,5610
askreddit,nottheonion,5590
askreddit,games,5587
the_donald,worldnews,5560
askreddit,tumblrinaction,5535
funny,sandersforpresident,5516
mildlyinteresting,showerthoughts,5471
askreddit,music,5464
mildlyinteresting,videos,5441
news,sandersforpresident,5357
askreddit,gameofthrones,5350
explainlikeimfive,funny,5327
askreddit,globaloffensive,5274
politics,technology,5244
askreddit,fitness,5237
movies,showerthoughts,5205
the_donald,todayilearned,5197
adviceanimals,the_donald,5152
politicaldiscussion,politics,5136
sandersforpresident,the_donald,5117
sandersforpresident,worldnews,5116
technology,videos,5115
askreddit,hockey,5109
news,the_donald,5015
nottheonion,todayilearned,5009
adviceanimals,sandersforpresident,4951
askreddit,hearthstone,4918
funny,pcmasterrace,4910
askreddit,jokes,4855
explainlikeimfive,news,4821
askreddit,askwomen,4811
aww,gaming,4693
askreddit,squaredcircle,4603
sandersforpresident,videos,4598
askreddit,lifeprotips,4558
leagueoflegends,summonerschool,4531
explainlikeimfive,worldnews,4522
blackpeopletwitter,funny,4521
pcmasterrace,pics,4498
the_donald,videos,4494
adviceanimals,showerthoughts,4431
gaming,mildlyinteresting,4399
nottheonion,pics,4394
news,nottheonion,4376
askreddit,roastme,4361
adviceanimals,aww,4358
askreddit,personalfinance,4337
mildlyinteresting,news,4335
nfl,politics,4330
showerthoughts,wtf,4330
askreddit,atheism,4316
television,todayilearned,4244
explainlikeimfive,showerthoughts,4233
blackpeopletwitter,pics,4231
nottheonion,worldnews,4222
aww,wtf,4200
aww,news,4184
explainlikeimfive,videos,4157
adviceanimals,technology,4157
explainlikeimfive,gifs,4124
askreddit,twoxchromosomes,4119
askreddit,hiphopheads,4116
askreddit,thedivision,4100
pics,television,4097
askreddit,darksouls3,4089
funny,nottheonion,4070
aww,worldnews,4052
television,videos,4013
pcmasterrace,videos,4000
mildlyinteresting,worldnews,3935
askreddit,starwars,3893
askreddit,overwatch,3880
pcmasterrace,todayilearned,3877
technology,wtf,3872
askreddit,asoiaf,3867
mildlyinteresting,wtf,3857
aww,showerthoughts,3855
android,askreddit,3827
askreddit,dota2,3819
askreddit,cringeanarchy,3801
askreddit,thewalkingdead,3769
funny,television,3764
gaming,technology,3732
news,television,3724
funny,jokes,3653
aww,mildlyinteresting,3611
aww,movies,3584
askreddit,casualconversation,3577
politics,showerthoughts,3572
askreddit,interestingasfuck,3550
games,gaming,3536
nottheonion,videos,3532
blackpeopletwitter,todayilearned,3520
funny,tifu,3489
gifs,nottheonion,3441
askreddit,pokemon,3436
movies,technology,3427
gifs,sandersforpresident,3423
askreddit,wow,3389
music,pics,3361
gifs,technology,3343
movies,nfl,3338
gifs,the_donald,3337
adviceanimals,blackpeopletwitter,3334
4chan,askreddit,3334
nba,politics,3330
lifeprotips,todayilearned,3312
askreddit,canada,3301
nfl,pics,3283
games,movies,3280
adviceanimals,pcmasterrace,3260
anime,askreddit,3257
pics,tifu,3253
askreddit,mma,3247
askreddit,me_irl,3239
music,todayilearned,3232
askreddit,futurology,3225
mildlyinteresting,movies,3202
gifs,pcmasterrace,3200
games,videos,3197
askreddit,baseball,3177
jokes,showerthoughts,3174
explainlikeimfive,gaming,3167
television,worldnews,3150
askreddit,iama,3149
blackpeopletwitter,videos,3147
lifeprotips,pics,3133
funny,nfl,3121
tifu,todayilearned,3118
jokes,pics,3114
gifs,television,3103
blackpeopletwitter,gifs,3102
askreddit,ps4,3091
askreddit,cars,3082
nfl,todayilearned,3068
funny,music,3063
funny,lifeprotips,3062
the_donald,wtf,3042
movies,music,3037
askreddit,trollxchromosomes,3037
movies,sandersforpresident,3019
globaloffensive,pcmasterrace,3010
nottheonion,showerthoughts,3004
askreddit,science,2999
adviceanimals,mildlyinteresting,2972
pcmasterrace,worldnews,2948
hearthstone,leagueoflegends,2946
music,videos,2935
sandersforpresident,wtf,2927
interestingasfuck,pics,2924
askreddit,politicaldiscussion,2924
atheism,todayilearned,2908
explainlikeimfive,movies,2893
news,nfl,2891
showerthoughts,tifu,2882
pcmasterrace,wtf,2867
pcgaming,pcmasterrace,2866
atheism,pics,2855
askreddit,food,2845
atheism,politics,2814
atheism,funny,2810
nfl,videos,2795
funny,interestingasfuck,2783
futurology,worldnews,2781
science,todayilearned,2779
askreddit,fo4,2769
askreddit,xboxone,2761
oculus,vive,2756
science,worldnews,2753
jokes,todayilearned,2729
askreddit,fallout,2707
askreddit,destinythegame,2702
gaming,television,2702
futurology,todayilearned,2688
interestingasfuck,todayilearned,2679
askreddit,magictcg,2676
hiphopheads,nba,2667
blackpeopletwitter,wtf,2662
destinythegame,fireteams,2659
askreddit,nostupidquestions,2636
movies,starwars,2635
askreddit,sex,2631
gaming,the_donald,2619
pics,trees,2609
movies,nba,2607
funny,trees,2596
darksouls3,gaming,2591
askreddit,cringepics,2586
askreddit,rocketleague,2586
askreddit,oldschoolcool,2578
gaming,sandersforpresident,2576
games,todayilearned,2573
destinythegame,thedivision,2566
lifeprotips,showerthoughts,2562
gaming,nottheonion,2561
askreddit,cfb,2561
globaloffensive,globaloffensivetrade,2552
movies,the_donald,2547
gifs,tifu,2538
news,pcmasterrace,2536
europe,worldnews,2518
baseball,nfl,2517
adviceanimals,explainlikeimfive,2516
gifs,jokes,2513
atheism,worldnews,2489
movies,nottheonion,2475
politics,television,2473
askreddit,unitedkingdom,2469
games,worldnews,2465
aww,politics,2456
oldschoolcool,pics,2455
gifs,interestingasfuck,2447
futurology,news,2445
pcmasterrace,politics,2445
explainlikeimfive,mildlyinteresting,2443
askreddit,books,2432
pics,science,2430
askreddit,pcgaming,2425
leagueoflegends,videos,2403
explainlikeimfive,wtf,2402
funny,tumblrinaction,2383
todayilearned,tumblrinaction,2379
gameofthrones,movies,2378
funny,leagueoflegends,2376
blackpeopletwitter,gaming,2374
iama,todayilearned,2368
futurology,pics,2352
interestingasfuck,wtf,2349
gifs,lifeprotips,2345
askreddit,sports,2332
games,pics,2329
movies,pcmasterrace,2329
nba,videos,2325
news,science,2325
food,pics,2325
askreddit,woahdude,2323
nba,pics,2315
askreddit,cringe,2297
lifeprotips,news,2289
askreddit,europe,2283
hillaryclinton,politics,2280
arrow,flashtv,2279
blackpeopletwitter,politics,2279
gaming,leagueoflegends,2277
lifeprotips,videos,2271
mildlyinteresting,nottheonion,2265
pics,tumblrinaction,2262
askreddit,teenagers,2254
music,news,2248
asoiaf,gameofthrones,2245
collegebasketball,nba,2244
explainlikeimfive,politics,2243
tifu,videos,2227
gaming,thedivision,2223
games,politics,2221
gaming,tifu,2220
oldschoolcool,todayilearned,2218
funny,games,2216
nfl,worldnews,2212
iama,pics,2212
funny,nba,2201
funny,oldschoolcool,2194
interestingasfuck,videos,2191
cfb,nfl,2183
funny,science,2182
hockey,nfl,2181
globaloffensive,leagueoflegends,2177
adviceanimals,nfl,2170
askreddit,collegebasketball,2169
askreddit,motorcycles,2168
atheism,news,2159
gameofthrones,pics,2149
blackpeopletwitter,news,2141
food,funny,2139
gaming,overwatch,2139
music,worldnews,2133
funny,gameofthrones,2131
buildapc,pcmasterrace,2131
gaming,ps4,2125
funny,futurology,2123
canada,worldnews,2118
askreddit,imgoingtohellforthis,2113
askreddit,legaladvice,2106
gifs,music,2101
personalfinance,todayilearned,2079
leagueoflegends,overwatch,2079
collegebasketball,nfl,2076
askreddit,buildapc,2070
personalfinance,pics,2064
nba,soccer,2045
blackpeopletwitter,movies,2043
leagueoflegends,politics,2040
leagueoflegends,pics,2039
nottheonion,politics,2038
futurology,videos,2038
mildlyinteresting,politics,2029
blackpeopletwitter,worldnews,2020
atheism,videos,2020
lifeprotips,worldnews,2018
askreddit,whowouldwin,2015
games,news,2014
nba,todayilearned,2010
funny,iama,1996
gaming,jokes,1992
soccer,videos,1989
gameofthrones,todayilearned,1988
marvelstudios,movies,1987
todayilearned,trees,1985
news,personalfinance,1983
pcmasterrace,showerthoughts,1982
news,twoxchromosomes,1980
news,tifu,1973
pics,woahdude,1972
science,videos,1972
baseball,nba,1971
askreddit,trashy,1967
askreddit,electronic_cigarette,1967
cringe,videos,1956
politicaldiscussion,sandersforpresident,1955
jokes,videos,1951
askreddit,flashtv,1948
askreddit,fatlogic,1943
adviceanimals,atheism,1937
atheism,wtf,1936
askreddit,subredditdrama,1933
gifs,oldschoolcool,1932
pics,twoxchromosomes,1928
reddevils,soccer,1926
fallout,fo4,1926
todayilearned,twoxchromosomes,1923
hearthstone,overwatch,1919
showerthoughts,television,1913
gameofthrones,videos,1912
funny,personalfinance,1905
gunners,soccer,1901
liverpoolfc,soccer,1901
jokes,mildlyinteresting,1898
cfb,collegebasketball,1895
apple,askreddit,1889
news,politicaldiscussion,1888
soccer,worldnews,1888
pics,starwars,1886
explainlikeimfive,nottheonion,1885
leagueoflegends,todayilearned,1884
food,todayilearned,1882
fitness,pics,1881
globaloffensive,videos,1880
gifs,nfl,1878
sandersforpresident,technology,1877
mildlyinteresting,tifu,1861
askreddit,h3h3productions,1859
iama,videos,1851
askreddit,drugs,1846
gaming,music,1834
adviceanimals,tumblrinaction,1834
pics,sports,1834
funny,starwars,1831
nba,news,1826
funny,woahdude,1823
news,tumblrinaction,1822
jokes,news,1817
sandersforpresident,showerthoughts,1816
adviceanimals,television,1815
tumblrinaction,worldnews,1813
games,pcmasterrace,1807
tifu,worldnews,1804
fitness,funny,1804
askreddit,childfree,1801
movies,soccer,1797
iama,worldnews,1784
pcmasterrace,technology,1784